{"cameraMode":{"drawMode":0,"name":"Shaded","section":"Shading Mode"},"sceneLighting":true,"audioPlay":false,"sceneViewState":{"m_AlwaysRefresh":false,"showFog":true,"showSkybox":true,"showFlares":true,"showImageEffects":true,"showParticleSystems":true,"showVisualEffectGraphs":true,"m_FxEnabled":true},"in2DMode":false,"pivot":{"x":40.02765655517578,"y":-1.8533127307891846,"z":4.3783464431762699},"rotation":{"x":0.561069667339325,"y":-0.07917637377977371,"z":0.05403439328074455,"w":0.8222113251686096},"size":2.5654163360595705,"orthographic":false}